<?xml version="1.0" encoding="UTF-8"?>
<metadata xml:lang="en"><Esri><CreaDate>20251006</CreaDate><CreaTime>13335400</CreaTime><ArcGISFormat>1.0</ArcGISFormat><SyncOnce>FALSE</SyncOnce><DataProperties><itemProps><itemName Sync="TRUE">TAZ</itemName><imsContentType Sync="TRUE">002</imsContentType><itemSize Sync="TRUE">0.000</itemSize><itemLocation><linkage Sync="TRUE">file://\\SEDOT-D01M-3XJD\C\_UDOT\__ImportSubarea\ImportSubareaData_v4.0 - 2025-10-06\Import Subarea Data\2_InputstoUSTM\TAZ\TAZ.shp</linkage><protocol Sync="TRUE">Local Area Network</protocol></itemLocation></itemProps><coordRef><type Sync="TRUE">Projected</type><geogcsn Sync="TRUE">GCS_North_American_1983</geogcsn><csUnits Sync="TRUE">Linear Unit: Meter (1.000000)</csUnits><projcsn Sync="TRUE">NAD_1983_UTM_Zone_12N</projcsn><peXml Sync="TRUE">&lt;ProjectedCoordinateSystem xsi:type='typens:ProjectedCoordinateSystem' xmlns:xsi='http://www.w3.org/2001/XMLSchema-instance' xmlns:xs='http://www.w3.org/2001/XMLSchema' xmlns:typens='http://www.esri.com/schemas/ArcGIS/10.8'&gt;&lt;WKT&gt;PROJCS[&amp;quot;NAD_1983_UTM_Zone_12N&amp;quot;,GEOGCS[&amp;quot;GCS_North_American_1983&amp;quot;,DATUM[&amp;quot;D_North_American_1983&amp;quot;,SPHEROID[&amp;quot;GRS_1980&amp;quot;,6378137.0,298.257222101]],PRIMEM[&amp;quot;Greenwich&amp;quot;,0.0],UNIT[&amp;quot;Degree&amp;quot;,0.0174532925199433]],PROJECTION[&amp;quot;Transverse_Mercator&amp;quot;],PARAMETER[&amp;quot;False_Easting&amp;quot;,500000.0],PARAMETER[&amp;quot;False_Northing&amp;quot;,0.0],PARAMETER[&amp;quot;Central_Meridian&amp;quot;,-111.0],PARAMETER[&amp;quot;Scale_Factor&amp;quot;,0.9996],PARAMETER[&amp;quot;Latitude_Of_Origin&amp;quot;,0.0],UNIT[&amp;quot;Meter&amp;quot;,1.0],AUTHORITY[&amp;quot;EPSG&amp;quot;,26912]]&lt;/WKT&gt;&lt;XOrigin&gt;-5120900&lt;/XOrigin&gt;&lt;YOrigin&gt;-9998100&lt;/YOrigin&gt;&lt;XYScale&gt;450445547.3910538&lt;/XYScale&gt;&lt;ZOrigin&gt;-100000&lt;/ZOrigin&gt;&lt;ZScale&gt;10000&lt;/ZScale&gt;&lt;MOrigin&gt;-100000&lt;/MOrigin&gt;&lt;MScale&gt;10000&lt;/MScale&gt;&lt;XYTolerance&gt;0.001&lt;/XYTolerance&gt;&lt;ZTolerance&gt;0.001&lt;/ZTolerance&gt;&lt;MTolerance&gt;0.001&lt;/MTolerance&gt;&lt;HighPrecision&gt;true&lt;/HighPrecision&gt;&lt;WKID&gt;26912&lt;/WKID&gt;&lt;LatestWKID&gt;26912&lt;/LatestWKID&gt;&lt;/ProjectedCoordinateSystem&gt;</peXml></coordRef><lineage><Process ToolSource="c:\program files (x86)\arcgis\engine10.8\ArcToolbox\Toolboxes\Analysis Tools.tbx\Select" Date="20251006" Time="133354">Select "C:\_UDOT\__ImportSubarea\ImportSubareaData_v4.0 - 2025-10-06\Import Subarea Data\2_InputstoUSTM\_Temp\Cache_TAZ.shp" "C:\_UDOT\__ImportSubarea\ImportSubareaData_v4.0 - 2025-10-06\Import Subarea Data\2_InputstoUSTM\_Temp\Cache_TAZ_deleteTemp.shp" "SUBAREAID &gt; 1"</Process><Process ToolSource="c:\program files (x86)\arcgis\engine10.8\ArcToolbox\Toolboxes\Data Management Tools.tbx\Merge" Date="20251006" Time="133404">Merge 'C:\_UDOT\__ImportSubarea\ImportSubareaData_v4.0 - 2025-10-06\Import Subarea Data\2_InputstoUSTM\_Temp\Cache_TAZ_deleteTemp.shp';'C:\_UDOT\__ImportSubarea\ImportSubareaData_v4.0 - 2025-10-06\Import Subarea Data\2_InputstoUSTM\_Temp\Dixie_TAZ_deleteTemp.shp';'C:\_UDOT\__ImportSubarea\ImportSubareaData_v4.0 - 2025-10-06\Import Subarea Data\2_InputstoUSTM\_Temp\Iron_TAZ_deleteTemp.shp';'C:\_UDOT\__ImportSubarea\ImportSubareaData_v4.0 - 2025-10-06\Import Subarea Data\2_InputstoUSTM\_Temp\Rural_TAZ_deleteTemp.shp';'C:\_UDOT\__ImportSubarea\ImportSubareaData_v4.0 - 2025-10-06\Import Subarea Data\2_InputstoUSTM\_Temp\SuWs_TAZ_deleteTemp.shp';'C:\_UDOT\__ImportSubarea\ImportSubareaData_v4.0 - 2025-10-06\Import Subarea Data\2_InputstoUSTM\_Temp\WF_TAZ_deleteTemp.shp' "C:\_UDOT\__ImportSubarea\ImportSubareaData_v4.0 - 2025-10-06\Import Subarea Data\2_InputstoUSTM\_Temp\USTM_Merged_TAZ.shp" "TAZID "TAZID" true true false 10 Long 0 10 ,First,#,C:\_UDOT\__ImportSubarea\ImportSubareaData_v4.0 - 2025-10-06\Import Subarea Data\2_InputstoUSTM\_Temp\Cache_TAZ_deleteTemp.shp,TAZID,-1,-1,C:\_UDOT\__ImportSubarea\ImportSubareaData_v4.0 - 2025-10-06\Import Subarea Data\2_InputstoUSTM\_Temp\Dixie_TAZ_deleteTemp.shp,TAZID,-1,-1,C:\_UDOT\__ImportSubarea\ImportSubareaData_v4.0 - 2025-10-06\Import Subarea Data\2_InputstoUSTM\_Temp\Iron_TAZ_deleteTemp.shp,TAZID,-1,-1,C:\_UDOT\__ImportSubarea\ImportSubareaData_v4.0 - 2025-10-06\Import Subarea Data\2_InputstoUSTM\_Temp\Rural_TAZ_deleteTemp.shp,TAZID,-1,-1,C:\_UDOT\__ImportSubarea\ImportSubareaData_v4.0 - 2025-10-06\Import Subarea Data\2_InputstoUSTM\_Temp\SuWs_TAZ_deleteTemp.shp,TAZID,-1,-1,C:\_UDOT\__ImportSubarea\ImportSubareaData_v4.0 - 2025-10-06\Import Subarea Data\2_InputstoUSTM\_Temp\WF_TAZ_deleteTemp.shp,TAZID,-1,-1;SA_TAZID "SA_TAZID" true true false 10 Long 0 10 ,First,#,C:\_UDOT\__ImportSubarea\ImportSubareaData_v4.0 - 2025-10-06\Import Subarea Data\2_InputstoUSTM\_Temp\Cache_TAZ_deleteTemp.shp,SA_TAZID,-1,-1,C:\_UDOT\__ImportSubarea\ImportSubareaData_v4.0 - 2025-10-06\Import Subarea Data\2_InputstoUSTM\_Temp\Dixie_TAZ_deleteTemp.shp,SA_TAZID,-1,-1,C:\_UDOT\__ImportSubarea\ImportSubareaData_v4.0 - 2025-10-06\Import Subarea Data\2_InputstoUSTM\_Temp\Iron_TAZ_deleteTemp.shp,SA_TAZID,-1,-1,C:\_UDOT\__ImportSubarea\ImportSubareaData_v4.0 - 2025-10-06\Import Subarea Data\2_InputstoUSTM\_Temp\Rural_TAZ_deleteTemp.shp,SA_TAZID,-1,-1,C:\_UDOT\__ImportSubarea\ImportSubareaData_v4.0 - 2025-10-06\Import Subarea Data\2_InputstoUSTM\_Temp\SuWs_TAZ_deleteTemp.shp,SA_TAZID,-1,-1,C:\_UDOT\__ImportSubarea\ImportSubareaData_v4.0 - 2025-10-06\Import Subarea Data\2_InputstoUSTM\_Temp\WF_TAZ_deleteTemp.shp,SA_TAZID,-1,-1;CO_TAZID "CO_TAZID" true true false 10 Long 0 10 ,First,#,C:\_UDOT\__ImportSubarea\ImportSubareaData_v4.0 - 2025-10-06\Import Subarea Data\2_InputstoUSTM\_Temp\Cache_TAZ_deleteTemp.shp,CO_TAZID,-1,-1,C:\_UDOT\__ImportSubarea\ImportSubareaData_v4.0 - 2025-10-06\Import Subarea Data\2_InputstoUSTM\_Temp\Dixie_TAZ_deleteTemp.shp,CO_TAZID,-1,-1,C:\_UDOT\__ImportSubarea\ImportSubareaData_v4.0 - 2025-10-06\Import Subarea Data\2_InputstoUSTM\_Temp\Iron_TAZ_deleteTemp.shp,CO_TAZID,-1,-1,C:\_UDOT\__ImportSubarea\ImportSubareaData_v4.0 - 2025-10-06\Import Subarea Data\2_InputstoUSTM\_Temp\Rural_TAZ_deleteTemp.shp,CO_TAZID,-1,-1,C:\_UDOT\__ImportSubarea\ImportSubareaData_v4.0 - 2025-10-06\Import Subarea Data\2_InputstoUSTM\_Temp\SuWs_TAZ_deleteTemp.shp,CO_TAZID,-1,-1,C:\_UDOT\__ImportSubarea\ImportSubareaData_v4.0 - 2025-10-06\Import Subarea Data\2_InputstoUSTM\_Temp\WF_TAZ_deleteTemp.shp,CO_TAZID,-1,-1;SUBAREAID "SUBAREAID" true true false 10 Long 0 10 ,First,#,C:\_UDOT\__ImportSubarea\ImportSubareaData_v4.0 - 2025-10-06\Import Subarea Data\2_InputstoUSTM\_Temp\Cache_TAZ_deleteTemp.shp,SUBAREAID,-1,-1,C:\_UDOT\__ImportSubarea\ImportSubareaData_v4.0 - 2025-10-06\Import Subarea Data\2_InputstoUSTM\_Temp\Dixie_TAZ_deleteTemp.shp,SUBAREAID,-1,-1,C:\_UDOT\__ImportSubarea\ImportSubareaData_v4.0 - 2025-10-06\Import Subarea Data\2_InputstoUSTM\_Temp\Iron_TAZ_deleteTemp.shp,SUBAREAID,-1,-1,C:\_UDOT\__ImportSubarea\ImportSubareaData_v4.0 - 2025-10-06\Import Subarea Data\2_InputstoUSTM\_Temp\Rural_TAZ_deleteTemp.shp,SUBAREAID,-1,-1,C:\_UDOT\__ImportSubarea\ImportSubareaData_v4.0 - 2025-10-06\Import Subarea Data\2_InputstoUSTM\_Temp\SuWs_TAZ_deleteTemp.shp,SUBAREAID,-1,-1,C:\_UDOT\__ImportSubarea\ImportSubareaData_v4.0 - 2025-10-06\Import Subarea Data\2_InputstoUSTM\_Temp\WF_TAZ_deleteTemp.shp,SUBAREAID,-1,-1;ACRES "ACRES" true true false 19 Double 4 18 ,First,#,C:\_UDOT\__ImportSubarea\ImportSubareaData_v4.0 - 2025-10-06\Import Subarea Data\2_InputstoUSTM\_Temp\Cache_TAZ_deleteTemp.shp,ACRES,-1,-1,C:\_UDOT\__ImportSubarea\ImportSubareaData_v4.0 - 2025-10-06\Import Subarea Data\2_InputstoUSTM\_Temp\Dixie_TAZ_deleteTemp.shp,ACRES,-1,-1,C:\_UDOT\__ImportSubarea\ImportSubareaData_v4.0 - 2025-10-06\Import Subarea Data\2_InputstoUSTM\_Temp\Iron_TAZ_deleteTemp.shp,ACRES,-1,-1,C:\_UDOT\__ImportSubarea\ImportSubareaData_v4.0 - 2025-10-06\Import Subarea Data\2_InputstoUSTM\_Temp\Rural_TAZ_deleteTemp.shp,ACRES,-1,-1,C:\_UDOT\__ImportSubarea\ImportSubareaData_v4.0 - 2025-10-06\Import Subarea Data\2_InputstoUSTM\_Temp\SuWs_TAZ_deleteTemp.shp,ACRES,-1,-1,C:\_UDOT\__ImportSubarea\ImportSubareaData_v4.0 - 2025-10-06\Import Subarea Data\2_InputstoUSTM\_Temp\WF_TAZ_deleteTemp.shp,ACRES,-1,-1;DEVACRES "DEVACRES" true true false 19 Double 4 18 ,First,#,C:\_UDOT\__ImportSubarea\ImportSubareaData_v4.0 - 2025-10-06\Import Subarea Data\2_InputstoUSTM\_Temp\Cache_TAZ_deleteTemp.shp,DEVACRES,-1,-1,C:\_UDOT\__ImportSubarea\ImportSubareaData_v4.0 - 2025-10-06\Import Subarea Data\2_InputstoUSTM\_Temp\Dixie_TAZ_deleteTemp.shp,DEVACRES,-1,-1,C:\_UDOT\__ImportSubarea\ImportSubareaData_v4.0 - 2025-10-06\Import Subarea Data\2_InputstoUSTM\_Temp\Iron_TAZ_deleteTemp.shp,DEVACRES,-1,-1,C:\_UDOT\__ImportSubarea\ImportSubareaData_v4.0 - 2025-10-06\Import Subarea Data\2_InputstoUSTM\_Temp\Rural_TAZ_deleteTemp.shp,DEVACRES,-1,-1,C:\_UDOT\__ImportSubarea\ImportSubareaData_v4.0 - 2025-10-06\Import Subarea Data\2_InputstoUSTM\_Temp\SuWs_TAZ_deleteTemp.shp,DEVACRES,-1,-1,C:\_UDOT\__ImportSubarea\ImportSubareaData_v4.0 - 2025-10-06\Import Subarea Data\2_InputstoUSTM\_Temp\WF_TAZ_deleteTemp.shp,DEVACRES,-1,-1;X "X" true true false 19 Double 7 18 ,First,#,C:\_UDOT\__ImportSubarea\ImportSubareaData_v4.0 - 2025-10-06\Import Subarea Data\2_InputstoUSTM\_Temp\Cache_TAZ_deleteTemp.shp,X,-1,-1,C:\_UDOT\__ImportSubarea\ImportSubareaData_v4.0 - 2025-10-06\Import Subarea Data\2_InputstoUSTM\_Temp\Dixie_TAZ_deleteTemp.shp,X,-1,-1,C:\_UDOT\__ImportSubarea\ImportSubareaData_v4.0 - 2025-10-06\Import Subarea Data\2_InputstoUSTM\_Temp\Iron_TAZ_deleteTemp.shp,X,-1,-1,C:\_UDOT\__ImportSubarea\ImportSubareaData_v4.0 - 2025-10-06\Import Subarea Data\2_InputstoUSTM\_Temp\Rural_TAZ_deleteTemp.shp,X,-1,-1,C:\_UDOT\__ImportSubarea\ImportSubareaData_v4.0 - 2025-10-06\Import Subarea Data\2_InputstoUSTM\_Temp\SuWs_TAZ_deleteTemp.shp,X,-1,-1,C:\_UDOT\__ImportSubarea\ImportSubareaData_v4.0 - 2025-10-06\Import Subarea Data\2_InputstoUSTM\_Temp\WF_TAZ_deleteTemp.shp,X,-1,-1;Y "Y" true true false 19 Double 7 18 ,First,#,C:\_UDOT\__ImportSubarea\ImportSubareaData_v4.0 - 2025-10-06\Import Subarea Data\2_InputstoUSTM\_Temp\Cache_TAZ_deleteTemp.shp,Y,-1,-1,C:\_UDOT\__ImportSubarea\ImportSubareaData_v4.0 - 2025-10-06\Import Subarea Data\2_InputstoUSTM\_Temp\Dixie_TAZ_deleteTemp.shp,Y,-1,-1,C:\_UDOT\__ImportSubarea\ImportSubareaData_v4.0 - 2025-10-06\Import Subarea Data\2_InputstoUSTM\_Temp\Iron_TAZ_deleteTemp.shp,Y,-1,-1,C:\_UDOT\__ImportSubarea\ImportSubareaData_v4.0 - 2025-10-06\Import Subarea Data\2_InputstoUSTM\_Temp\Rural_TAZ_deleteTemp.shp,Y,-1,-1,C:\_UDOT\__ImportSubarea\ImportSubareaData_v4.0 - 2025-10-06\Import Subarea Data\2_InputstoUSTM\_Temp\SuWs_TAZ_deleteTemp.shp,Y,-1,-1,C:\_UDOT\__ImportSubarea\ImportSubareaData_v4.0 - 2025-10-06\Import Subarea Data\2_InputstoUSTM\_Temp\WF_TAZ_deleteTemp.shp,Y,-1,-1;ADJ_XY "ADJ_XY" true true false 10 Long 0 10 ,First,#,C:\_UDOT\__ImportSubarea\ImportSubareaData_v4.0 - 2025-10-06\Import Subarea Data\2_InputstoUSTM\_Temp\Cache_TAZ_deleteTemp.shp,ADJ_XY,-1,-1,C:\_UDOT\__ImportSubarea\ImportSubareaData_v4.0 - 2025-10-06\Import Subarea Data\2_InputstoUSTM\_Temp\Dixie_TAZ_deleteTemp.shp,ADJ_XY,-1,-1,C:\_UDOT\__ImportSubarea\ImportSubareaData_v4.0 - 2025-10-06\Import Subarea Data\2_InputstoUSTM\_Temp\Iron_TAZ_deleteTemp.shp,ADJ_XY,-1,-1,C:\_UDOT\__ImportSubarea\ImportSubareaData_v4.0 - 2025-10-06\Import Subarea Data\2_InputstoUSTM\_Temp\Rural_TAZ_deleteTemp.shp,ADJ_XY,-1,-1,C:\_UDOT\__ImportSubarea\ImportSubareaData_v4.0 - 2025-10-06\Import Subarea Data\2_InputstoUSTM\_Temp\SuWs_TAZ_deleteTemp.shp,ADJ_XY,-1,-1,C:\_UDOT\__ImportSubarea\ImportSubareaData_v4.0 - 2025-10-06\Import Subarea Data\2_InputstoUSTM\_Temp\WF_TAZ_deleteTemp.shp,ADJ_XY,-1,-1;CO_FIPS "CO_FIPS" true true false 10 Long 0 10 ,First,#,C:\_UDOT\__ImportSubarea\ImportSubareaData_v4.0 - 2025-10-06\Import Subarea Data\2_InputstoUSTM\_Temp\Cache_TAZ_deleteTemp.shp,CO_FIPS,-1,-1,C:\_UDOT\__ImportSubarea\ImportSubareaData_v4.0 - 2025-10-06\Import Subarea Data\2_InputstoUSTM\_Temp\Dixie_TAZ_deleteTemp.shp,CO_FIPS,-1,-1,C:\_UDOT\__ImportSubarea\ImportSubareaData_v4.0 - 2025-10-06\Import Subarea Data\2_InputstoUSTM\_Temp\Iron_TAZ_deleteTemp.shp,CO_FIPS,-1,-1,C:\_UDOT\__ImportSubarea\ImportSubareaData_v4.0 - 2025-10-06\Import Subarea Data\2_InputstoUSTM\_Temp\Rural_TAZ_deleteTemp.shp,CO_FIPS,-1,-1,C:\_UDOT\__ImportSubarea\ImportSubareaData_v4.0 - 2025-10-06\Import Subarea Data\2_InputstoUSTM\_Temp\SuWs_TAZ_deleteTemp.shp,CO_FIPS,-1,-1,C:\_UDOT\__ImportSubarea\ImportSubareaData_v4.0 - 2025-10-06\Import Subarea Data\2_InputstoUSTM\_Temp\WF_TAZ_deleteTemp.shp,CO_FIPS,-1,-1;CO_NAME "CO_NAME" true true false 30 Text 0 0 ,First,#,C:\_UDOT\__ImportSubarea\ImportSubareaData_v4.0 - 2025-10-06\Import Subarea Data\2_InputstoUSTM\_Temp\Cache_TAZ_deleteTemp.shp,CO_NAME,-1,-1,C:\_UDOT\__ImportSubarea\ImportSubareaData_v4.0 - 2025-10-06\Import Subarea Data\2_InputstoUSTM\_Temp\Dixie_TAZ_deleteTemp.shp,CO_NAME,-1,-1,C:\_UDOT\__ImportSubarea\ImportSubareaData_v4.0 - 2025-10-06\Import Subarea Data\2_InputstoUSTM\_Temp\Iron_TAZ_deleteTemp.shp,CO_NAME,-1,-1,C:\_UDOT\__ImportSubarea\ImportSubareaData_v4.0 - 2025-10-06\Import Subarea Data\2_InputstoUSTM\_Temp\Rural_TAZ_deleteTemp.shp,CO_NAME,-1,-1,C:\_UDOT\__ImportSubarea\ImportSubareaData_v4.0 - 2025-10-06\Import Subarea Data\2_InputstoUSTM\_Temp\SuWs_TAZ_deleteTemp.shp,CO_NAME,-1,-1,C:\_UDOT\__ImportSubarea\ImportSubareaData_v4.0 - 2025-10-06\Import Subarea Data\2_InputstoUSTM\_Temp\WF_TAZ_deleteTemp.shp,CO_NAME,-1,-1;DISTSUPER "DISTSUPER" true true false 10 Long 0 10 ,First,#,C:\_UDOT\__ImportSubarea\ImportSubareaData_v4.0 - 2025-10-06\Import Subarea Data\2_InputstoUSTM\_Temp\Cache_TAZ_deleteTemp.shp,DISTSUPER,-1,-1,C:\_UDOT\__ImportSubarea\ImportSubareaData_v4.0 - 2025-10-06\Import Subarea Data\2_InputstoUSTM\_Temp\Dixie_TAZ_deleteTemp.shp,DISTSUPER,-1,-1,C:\_UDOT\__ImportSubarea\ImportSubareaData_v4.0 - 2025-10-06\Import Subarea Data\2_InputstoUSTM\_Temp\Iron_TAZ_deleteTemp.shp,DISTSUPER,-1,-1,C:\_UDOT\__ImportSubarea\ImportSubareaData_v4.0 - 2025-10-06\Import Subarea Data\2_InputstoUSTM\_Temp\Rural_TAZ_deleteTemp.shp,DISTSUPER,-1,-1,C:\_UDOT\__ImportSubarea\ImportSubareaData_v4.0 - 2025-10-06\Import Subarea Data\2_InputstoUSTM\_Temp\SuWs_TAZ_deleteTemp.shp,DISTSUPER,-1,-1,C:\_UDOT\__ImportSubarea\ImportSubareaData_v4.0 - 2025-10-06\Import Subarea Data\2_InputstoUSTM\_Temp\WF_TAZ_deleteTemp.shp,DISTSUPER,-1,-1;DSUP_NAME "DSUP_NAME" true true false 50 Text 0 0 ,First,#,C:\_UDOT\__ImportSubarea\ImportSubareaData_v4.0 - 2025-10-06\Import Subarea Data\2_InputstoUSTM\_Temp\Cache_TAZ_deleteTemp.shp,DSUP_NAME,-1,-1,C:\_UDOT\__ImportSubarea\ImportSubareaData_v4.0 - 2025-10-06\Import Subarea Data\2_InputstoUSTM\_Temp\Dixie_TAZ_deleteTemp.shp,DSUP_NAME,-1,-1,C:\_UDOT\__ImportSubarea\ImportSubareaData_v4.0 - 2025-10-06\Import Subarea Data\2_InputstoUSTM\_Temp\Iron_TAZ_deleteTemp.shp,DSUP_NAME,-1,-1,C:\_UDOT\__ImportSubarea\ImportSubareaData_v4.0 - 2025-10-06\Import Subarea Data\2_InputstoUSTM\_Temp\Rural_TAZ_deleteTemp.shp,DSUP_NAME,-1,-1,C:\_UDOT\__ImportSubarea\ImportSubareaData_v4.0 - 2025-10-06\Import Subarea Data\2_InputstoUSTM\_Temp\SuWs_TAZ_deleteTemp.shp,DSUP_NAME,-1,-1,C:\_UDOT\__ImportSubarea\ImportSubareaData_v4.0 - 2025-10-06\Import Subarea Data\2_InputstoUSTM\_Temp\WF_TAZ_deleteTemp.shp,DSUP_NAME,-1,-1;DISTLRG "DISTLRG" true true false 10 Long 0 10 ,First,#,C:\_UDOT\__ImportSubarea\ImportSubareaData_v4.0 - 2025-10-06\Import Subarea Data\2_InputstoUSTM\_Temp\Cache_TAZ_deleteTemp.shp,DISTLRG,-1,-1,C:\_UDOT\__ImportSubarea\ImportSubareaData_v4.0 - 2025-10-06\Import Subarea Data\2_InputstoUSTM\_Temp\Dixie_TAZ_deleteTemp.shp,DISTLRG,-1,-1,C:\_UDOT\__ImportSubarea\ImportSubareaData_v4.0 - 2025-10-06\Import Subarea Data\2_InputstoUSTM\_Temp\Iron_TAZ_deleteTemp.shp,DISTLRG,-1,-1,C:\_UDOT\__ImportSubarea\ImportSubareaData_v4.0 - 2025-10-06\Import Subarea Data\2_InputstoUSTM\_Temp\Rural_TAZ_deleteTemp.shp,DISTLRG,-1,-1,C:\_UDOT\__ImportSubarea\ImportSubareaData_v4.0 - 2025-10-06\Import Subarea Data\2_InputstoUSTM\_Temp\SuWs_TAZ_deleteTemp.shp,DISTLRG,-1,-1,C:\_UDOT\__ImportSubarea\ImportSubareaData_v4.0 - 2025-10-06\Import Subarea Data\2_InputstoUSTM\_Temp\WF_TAZ_deleteTemp.shp,DISTLRG,-1,-1;DLRG_NAME "DLRG_NAME" true true false 30 Text 0 0 ,First,#,C:\_UDOT\__ImportSubarea\ImportSubareaData_v4.0 - 2025-10-06\Import Subarea Data\2_InputstoUSTM\_Temp\Cache_TAZ_deleteTemp.shp,DLRG_NAME,-1,-1,C:\_UDOT\__ImportSubarea\ImportSubareaData_v4.0 - 2025-10-06\Import Subarea Data\2_InputstoUSTM\_Temp\Dixie_TAZ_deleteTemp.shp,DLRG_NAME,-1,-1,C:\_UDOT\__ImportSubarea\ImportSubareaData_v4.0 - 2025-10-06\Import Subarea Data\2_InputstoUSTM\_Temp\Iron_TAZ_deleteTemp.shp,DLRG_NAME,-1,-1,C:\_UDOT\__ImportSubarea\ImportSubareaData_v4.0 - 2025-10-06\Import Subarea Data\2_InputstoUSTM\_Temp\Rural_TAZ_deleteTemp.shp,DLRG_NAME,-1,-1,C:\_UDOT\__ImportSubarea\ImportSubareaData_v4.0 - 2025-10-06\Import Subarea Data\2_InputstoUSTM\_Temp\SuWs_TAZ_deleteTemp.shp,DLRG_NAME,-1,-1,C:\_UDOT\__ImportSubarea\ImportSubareaData_v4.0 - 2025-10-06\Import Subarea Data\2_InputstoUSTM\_Temp\WF_TAZ_deleteTemp.shp,DLRG_NAME,-1,-1;DISTMED "DISTMED" true true false 10 Long 0 10 ,First,#,C:\_UDOT\__ImportSubarea\ImportSubareaData_v4.0 - 2025-10-06\Import Subarea Data\2_InputstoUSTM\_Temp\Cache_TAZ_deleteTemp.shp,DISTMED,-1,-1,C:\_UDOT\__ImportSubarea\ImportSubareaData_v4.0 - 2025-10-06\Import Subarea Data\2_InputstoUSTM\_Temp\Dixie_TAZ_deleteTemp.shp,DISTMED,-1,-1,C:\_UDOT\__ImportSubarea\ImportSubareaData_v4.0 - 2025-10-06\Import Subarea Data\2_InputstoUSTM\_Temp\Iron_TAZ_deleteTemp.shp,DISTMED,-1,-1,C:\_UDOT\__ImportSubarea\ImportSubareaData_v4.0 - 2025-10-06\Import Subarea Data\2_InputstoUSTM\_Temp\Rural_TAZ_deleteTemp.shp,DISTMED,-1,-1,C:\_UDOT\__ImportSubarea\ImportSubareaData_v4.0 - 2025-10-06\Import Subarea Data\2_InputstoUSTM\_Temp\SuWs_TAZ_deleteTemp.shp,DISTMED,-1,-1,C:\_UDOT\__ImportSubarea\ImportSubareaData_v4.0 - 2025-10-06\Import Subarea Data\2_InputstoUSTM\_Temp\WF_TAZ_deleteTemp.shp,DISTMED,-1,-1;DMED_NAME "DMED_NAME" true true false 30 Text 0 0 ,First,#,C:\_UDOT\__ImportSubarea\ImportSubareaData_v4.0 - 2025-10-06\Import Subarea Data\2_InputstoUSTM\_Temp\Cache_TAZ_deleteTemp.shp,DMED_NAME,-1,-1,C:\_UDOT\__ImportSubarea\ImportSubareaData_v4.0 - 2025-10-06\Import Subarea Data\2_InputstoUSTM\_Temp\Dixie_TAZ_deleteTemp.shp,DMED_NAME,-1,-1,C:\_UDOT\__ImportSubarea\ImportSubareaData_v4.0 - 2025-10-06\Import Subarea Data\2_InputstoUSTM\_Temp\Iron_TAZ_deleteTemp.shp,DMED_NAME,-1,-1,C:\_UDOT\__ImportSubarea\ImportSubareaData_v4.0 - 2025-10-06\Import Subarea Data\2_InputstoUSTM\_Temp\Rural_TAZ_deleteTemp.shp,DMED_NAME,-1,-1,C:\_UDOT\__ImportSubarea\ImportSubareaData_v4.0 - 2025-10-06\Import Subarea Data\2_InputstoUSTM\_Temp\SuWs_TAZ_deleteTemp.shp,DMED_NAME,-1,-1,C:\_UDOT\__ImportSubarea\ImportSubareaData_v4.0 - 2025-10-06\Import Subarea Data\2_InputstoUSTM\_Temp\WF_TAZ_deleteTemp.shp,DMED_NAME,-1,-1;DISTSML "DISTSML" true true false 10 Long 0 10 ,First,#,C:\_UDOT\__ImportSubarea\ImportSubareaData_v4.0 - 2025-10-06\Import Subarea Data\2_InputstoUSTM\_Temp\Cache_TAZ_deleteTemp.shp,DISTSML,-1,-1,C:\_UDOT\__ImportSubarea\ImportSubareaData_v4.0 - 2025-10-06\Import Subarea Data\2_InputstoUSTM\_Temp\Dixie_TAZ_deleteTemp.shp,DISTSML,-1,-1,C:\_UDOT\__ImportSubarea\ImportSubareaData_v4.0 - 2025-10-06\Import Subarea Data\2_InputstoUSTM\_Temp\Iron_TAZ_deleteTemp.shp,DISTSML,-1,-1,C:\_UDOT\__ImportSubarea\ImportSubareaData_v4.0 - 2025-10-06\Import Subarea Data\2_InputstoUSTM\_Temp\Rural_TAZ_deleteTemp.shp,DISTSML,-1,-1,C:\_UDOT\__ImportSubarea\ImportSubareaData_v4.0 - 2025-10-06\Import Subarea Data\2_InputstoUSTM\_Temp\SuWs_TAZ_deleteTemp.shp,DISTSML,-1,-1,C:\_UDOT\__ImportSubarea\ImportSubareaData_v4.0 - 2025-10-06\Import Subarea Data\2_InputstoUSTM\_Temp\WF_TAZ_deleteTemp.shp,DISTSML,-1,-1;DSML_NAME "DSML_NAME" true true false 30 Text 0 0 ,First,#,C:\_UDOT\__ImportSubarea\ImportSubareaData_v4.0 - 2025-10-06\Import Subarea Data\2_InputstoUSTM\_Temp\Cache_TAZ_deleteTemp.shp,DSML_NAME,-1,-1,C:\_UDOT\__ImportSubarea\ImportSubareaData_v4.0 - 2025-10-06\Import Subarea Data\2_InputstoUSTM\_Temp\Dixie_TAZ_deleteTemp.shp,DSML_NAME,-1,-1,C:\_UDOT\__ImportSubarea\ImportSubareaData_v4.0 - 2025-10-06\Import Subarea Data\2_InputstoUSTM\_Temp\Iron_TAZ_deleteTemp.shp,DSML_NAME,-1,-1,C:\_UDOT\__ImportSubarea\ImportSubareaData_v4.0 - 2025-10-06\Import Subarea Data\2_InputstoUSTM\_Temp\Rural_TAZ_deleteTemp.shp,DSML_NAME,-1,-1,C:\_UDOT\__ImportSubarea\ImportSubareaData_v4.0 - 2025-10-06\Import Subarea Data\2_InputstoUSTM\_Temp\SuWs_TAZ_deleteTemp.shp,DSML_NAME,-1,-1,C:\_UDOT\__ImportSubarea\ImportSubareaData_v4.0 - 2025-10-06\Import Subarea Data\2_InputstoUSTM\_Temp\WF_TAZ_deleteTemp.shp,DSML_NAME,-1,-1;CITY_NAME "CITY_NAME" true true false 30 Text 0 0 ,First,#,C:\_UDOT\__ImportSubarea\ImportSubareaData_v4.0 - 2025-10-06\Import Subarea Data\2_InputstoUSTM\_Temp\Cache_TAZ_deleteTemp.shp,CITY_NAME,-1,-1,C:\_UDOT\__ImportSubarea\ImportSubareaData_v4.0 - 2025-10-06\Import Subarea Data\2_InputstoUSTM\_Temp\Dixie_TAZ_deleteTemp.shp,CITY_NAME,-1,-1,C:\_UDOT\__ImportSubarea\ImportSubareaData_v4.0 - 2025-10-06\Import Subarea Data\2_InputstoUSTM\_Temp\Iron_TAZ_deleteTemp.shp,CITY_NAME,-1,-1,C:\_UDOT\__ImportSubarea\ImportSubareaData_v4.0 - 2025-10-06\Import Subarea Data\2_InputstoUSTM\_Temp\Rural_TAZ_deleteTemp.shp,CITY_NAME,-1,-1,C:\_UDOT\__ImportSubarea\ImportSubareaData_v4.0 - 2025-10-06\Import Subarea Data\2_InputstoUSTM\_Temp\SuWs_TAZ_deleteTemp.shp,CITY_NAME,-1,-1,C:\_UDOT\__ImportSubarea\ImportSubareaData_v4.0 - 2025-10-06\Import Subarea Data\2_InputstoUSTM\_Temp\WF_TAZ_deleteTemp.shp,CITY_NAME,-1,-1"</Process><Process ToolSource="c:\program files (x86)\arcgis\engine10.8\ArcToolbox\Toolboxes\Analysis Tools.tbx\Select" Date="20251006" Time="133406">Select "C:\_UDOT\__ImportSubarea\ImportSubareaData_v4.0 - 2025-10-06\Import Subarea Data\2_InputstoUSTM\_Temp\USTM_Merged_TAZ.shp" "C:\_UDOT\__ImportSubarea\ImportSubareaData_v4.0 - 2025-10-06\Import Subarea Data\2_InputstoUSTM\TAZ\TAZ.shp" #</Process><Process ToolSource="c:\program files (x86)\arcgis\engine10.8\ArcToolbox\Toolboxes\Data Management Tools.tbx\AddField" Date="20251006" Time="133407">AddField "C:\_UDOT\__ImportSubarea\ImportSubareaData_v4.0 - 2025-10-06\Import Subarea Data\2_InputstoUSTM\TAZ\TAZ.shp" IMX_GENRL DOUBLE # # # # NULLABLE NON_REQUIRED #</Process><Process ToolSource="c:\program files (x86)\arcgis\engine10.8\ArcToolbox\Toolboxes\Data Management Tools.tbx\AddField" Date="20251006" Time="133407">AddField "C:\_UDOT\__ImportSubarea\ImportSubareaData_v4.0 - 2025-10-06\Import Subarea Data\2_InputstoUSTM\TAZ\TAZ.shp" IMX_COALIX DOUBLE # # # # NULLABLE NON_REQUIRED #</Process><Process ToolSource="c:\program files (x86)\arcgis\engine10.8\ArcToolbox\Toolboxes\Data Management Tools.tbx\AddField" Date="20251006" Time="133407">AddField "C:\_UDOT\__ImportSubarea\ImportSubareaData_v4.0 - 2025-10-06\Import Subarea Data\2_InputstoUSTM\TAZ\TAZ.shp" IMX_OLGAIX DOUBLE # # # # NULLABLE NON_REQUIRED #</Process><Process ToolSource="c:\program files (x86)\arcgis\engine10.8\ArcToolbox\Toolboxes\Data Management Tools.tbx\AddField" Date="20251006" Time="133407">AddField "C:\_UDOT\__ImportSubarea\ImportSubareaData_v4.0 - 2025-10-06\Import Subarea Data\2_InputstoUSTM\TAZ\TAZ.shp" IMX_OLGAXI DOUBLE # # # # NULLABLE NON_REQUIRED #</Process><Process ToolSource="c:\program files (x86)\arcgis\engine10.8\ArcToolbox\Toolboxes\Data Management Tools.tbx\AddField" Date="20251006" Time="133407">AddField "C:\_UDOT\__ImportSubarea\ImportSubareaData_v4.0 - 2025-10-06\Import Subarea Data\2_InputstoUSTM\TAZ\TAZ.shp" IMX_PETRIX DOUBLE # # # # NULLABLE NON_REQUIRED #</Process></lineage></DataProperties><SyncDate>20251006</SyncDate><SyncTime>13340400</SyncTime><ModDate>20251006</ModDate><ModTime>13340400</ModTime></Esri><dataIdInfo><envirDesc Sync="TRUE"> Version 6.2 (Build 9200) ; Esri ArcGIS 10.9.1.28388</envirDesc><dataLang><languageCode value="eng" Sync="TRUE"></languageCode><countryCode value="USA" Sync="TRUE"></countryCode></dataLang><idCitation><resTitle Sync="TRUE">TAZ</resTitle><presForm><PresFormCd value="005" Sync="TRUE"></PresFormCd></presForm></idCitation><spatRpType><SpatRepTypCd value="001" Sync="TRUE"></SpatRepTypCd></spatRpType></dataIdInfo><mdLang><languageCode value="eng" Sync="TRUE"></languageCode><countryCode value="USA" Sync="TRUE"></countryCode></mdLang><mdChar><CharSetCd value="004" Sync="TRUE"></CharSetCd></mdChar><distInfo><distFormat><formatName Sync="TRUE">Shapefile</formatName></distFormat><distTranOps><transSize Sync="TRUE">0.000</transSize></distTranOps></distInfo><mdHrLv><ScopeCd value="005" Sync="TRUE"></ScopeCd></mdHrLv><mdHrLvName Sync="TRUE">dataset</mdHrLvName><refSysInfo><RefSystem><refSysID><identCode code="26912" Sync="TRUE"></identCode><idCodeSpace Sync="TRUE">EPSG</idCodeSpace><idVersion Sync="TRUE">6.11(3.0.1)</idVersion></refSysID></RefSystem></refSysInfo><spatRepInfo><VectSpatRep><geometObjs Name="TAZ"><geoObjTyp><GeoObjTypCd value="002" Sync="TRUE"></GeoObjTypCd></geoObjTyp><geoObjCnt Sync="TRUE">0</geoObjCnt></geometObjs><topLvl><TopoLevCd value="001" Sync="TRUE"></TopoLevCd></topLvl></VectSpatRep></spatRepInfo><spdoinfo><ptvctinf><esriterm Name="TAZ"><efeatyp Sync="TRUE">Simple</efeatyp><efeageom code="4" Sync="TRUE"></efeageom><esritopo Sync="TRUE">FALSE</esritopo><efeacnt Sync="TRUE">0</efeacnt><spindex Sync="TRUE">FALSE</spindex><linrefer Sync="TRUE">FALSE</linrefer></esriterm></ptvctinf></spdoinfo><eainfo><detailed Name="TAZ"><enttyp><enttypl Sync="TRUE">TAZ</enttypl><enttypt Sync="TRUE">Feature Class</enttypt><enttypc Sync="TRUE">0</enttypc></enttyp><attr><attrlabl Sync="TRUE">FID</attrlabl><attalias Sync="TRUE">FID</attalias><attrtype Sync="TRUE">OID</attrtype><attwidth Sync="TRUE">4</attwidth><atprecis Sync="TRUE">0</atprecis><attscale Sync="TRUE">0</attscale><attrdef Sync="TRUE">Internal feature number.</attrdef><attrdefs Sync="TRUE">Esri</attrdefs><attrdomv><udom Sync="TRUE">Sequential unique whole numbers that are automatically generated.</udom></attrdomv></attr><attr><attrlabl Sync="TRUE">Shape</attrlabl><attalias Sync="TRUE">Shape</attalias><attrtype Sync="TRUE">Geometry</attrtype><attwidth Sync="TRUE">0</attwidth><atprecis Sync="TRUE">0</atprecis><attscale Sync="TRUE">0</attscale><attrdef Sync="TRUE">Feature geometry.</attrdef><attrdefs Sync="TRUE">Esri</attrdefs><attrdomv><udom Sync="TRUE">Coordinates defining the features.</udom></attrdomv></attr><attr><attrlabl Sync="TRUE">TAZID</attrlabl><attalias Sync="TRUE">TAZID</attalias><attrtype Sync="TRUE">Integer</attrtype><attwidth Sync="TRUE">10</attwidth><atprecis Sync="TRUE">10</atprecis><attscale Sync="TRUE">0</attscale></attr><attr><attrlabl Sync="TRUE">SA_TAZID</attrlabl><attalias Sync="TRUE">SA_TAZID</attalias><attrtype Sync="TRUE">Integer</attrtype><attwidth Sync="TRUE">10</attwidth><atprecis Sync="TRUE">10</atprecis><attscale Sync="TRUE">0</attscale></attr><attr><attrlabl Sync="TRUE">CO_TAZID</attrlabl><attalias Sync="TRUE">CO_TAZID</attalias><attrtype Sync="TRUE">Integer</attrtype><attwidth Sync="TRUE">10</attwidth><atprecis Sync="TRUE">10</atprecis><attscale Sync="TRUE">0</attscale></attr><attr><attrlabl Sync="TRUE">SUBAREAID</attrlabl><attalias Sync="TRUE">SUBAREAID</attalias><attrtype Sync="TRUE">Integer</attrtype><attwidth Sync="TRUE">10</attwidth><atprecis Sync="TRUE">10</atprecis><attscale Sync="TRUE">0</attscale></attr><attr><attrlabl Sync="TRUE">ACRES</attrlabl><attalias Sync="TRUE">ACRES</attalias><attrtype Sync="TRUE">Double</attrtype><attwidth Sync="TRUE">19</attwidth><atprecis Sync="TRUE">18</atprecis><attscale Sync="TRUE">4</attscale></attr><attr><attrlabl Sync="TRUE">DEVACRES</attrlabl><attalias Sync="TRUE">DEVACRES</attalias><attrtype Sync="TRUE">Double</attrtype><attwidth Sync="TRUE">19</attwidth><atprecis Sync="TRUE">18</atprecis><attscale Sync="TRUE">4</attscale></attr><attr><attrlabl Sync="TRUE">X</attrlabl><attalias Sync="TRUE">X</attalias><attrtype Sync="TRUE">Double</attrtype><attwidth Sync="TRUE">19</attwidth><atprecis Sync="TRUE">18</atprecis><attscale Sync="TRUE">7</attscale></attr><attr><attrlabl Sync="TRUE">Y</attrlabl><attalias Sync="TRUE">Y</attalias><attrtype Sync="TRUE">Double</attrtype><attwidth Sync="TRUE">19</attwidth><atprecis Sync="TRUE">18</atprecis><attscale Sync="TRUE">7</attscale></attr><attr><attrlabl Sync="TRUE">ADJ_XY</attrlabl><attalias Sync="TRUE">ADJ_XY</attalias><attrtype Sync="TRUE">Integer</attrtype><attwidth Sync="TRUE">10</attwidth><atprecis Sync="TRUE">10</atprecis><attscale Sync="TRUE">0</attscale></attr><attr><attrlabl Sync="TRUE">CO_FIPS</attrlabl><attalias Sync="TRUE">CO_FIPS</attalias><attrtype Sync="TRUE">Integer</attrtype><attwidth Sync="TRUE">10</attwidth><atprecis Sync="TRUE">10</atprecis><attscale Sync="TRUE">0</attscale></attr><attr><attrlabl Sync="TRUE">CO_NAME</attrlabl><attalias Sync="TRUE">CO_NAME</attalias><attrtype Sync="TRUE">String</attrtype><attwidth Sync="TRUE">30</attwidth><atprecis Sync="TRUE">0</atprecis><attscale Sync="TRUE">0</attscale></attr><attr><attrlabl Sync="TRUE">DISTSUPER</attrlabl><attalias Sync="TRUE">DISTSUPER</attalias><attrtype Sync="TRUE">Integer</attrtype><attwidth Sync="TRUE">10</attwidth><atprecis Sync="TRUE">10</atprecis><attscale Sync="TRUE">0</attscale></attr><attr><attrlabl Sync="TRUE">DSUP_NAME</attrlabl><attalias Sync="TRUE">DSUP_NAME</attalias><attrtype Sync="TRUE">String</attrtype><attwidth Sync="TRUE">50</attwidth><atprecis Sync="TRUE">0</atprecis><attscale Sync="TRUE">0</attscale></attr><attr><attrlabl Sync="TRUE">DISTLRG</attrlabl><attalias Sync="TRUE">DISTLRG</attalias><attrtype Sync="TRUE">Integer</attrtype><attwidth Sync="TRUE">10</attwidth><atprecis Sync="TRUE">10</atprecis><attscale Sync="TRUE">0</attscale></attr><attr><attrlabl Sync="TRUE">DLRG_NAME</attrlabl><attalias Sync="TRUE">DLRG_NAME</attalias><attrtype Sync="TRUE">String</attrtype><attwidth Sync="TRUE">30</attwidth><atprecis Sync="TRUE">0</atprecis><attscale Sync="TRUE">0</attscale></attr><attr><attrlabl Sync="TRUE">DISTMED</attrlabl><attalias Sync="TRUE">DISTMED</attalias><attrtype Sync="TRUE">Integer</attrtype><attwidth Sync="TRUE">10</attwidth><atprecis Sync="TRUE">10</atprecis><attscale Sync="TRUE">0</attscale></attr><attr><attrlabl Sync="TRUE">DMED_NAME</attrlabl><attalias Sync="TRUE">DMED_NAME</attalias><attrtype Sync="TRUE">String</attrtype><attwidth Sync="TRUE">30</attwidth><atprecis Sync="TRUE">0</atprecis><attscale Sync="TRUE">0</attscale></attr><attr><attrlabl Sync="TRUE">DISTSML</attrlabl><attalias Sync="TRUE">DISTSML</attalias><attrtype Sync="TRUE">Integer</attrtype><attwidth Sync="TRUE">10</attwidth><atprecis Sync="TRUE">10</atprecis><attscale Sync="TRUE">0</attscale></attr><attr><attrlabl Sync="TRUE">DSML_NAME</attrlabl><attalias Sync="TRUE">DSML_NAME</attalias><attrtype Sync="TRUE">String</attrtype><attwidth Sync="TRUE">30</attwidth><atprecis Sync="TRUE">0</atprecis><attscale Sync="TRUE">0</attscale></attr><attr><attrlabl Sync="TRUE">CITY_NAME</attrlabl><attalias Sync="TRUE">CITY_NAME</attalias><attrtype Sync="TRUE">String</attrtype><attwidth Sync="TRUE">30</attwidth><atprecis Sync="TRUE">0</atprecis><attscale Sync="TRUE">0</attscale></attr></detailed></eainfo><mdDateSt Sync="TRUE">20251006</mdDateSt></metadata>
